ID,URL
3,https://atailoredsuit.com/
4,https://atailoredsuit.com/start-here.html
5,https://atailoredsuit.com/mens-style-guide-tailored-suit.html
6,https://atailoredsuit.com/your-measurements-tailored-suit.html
7,https://atailoredsuit.com/garment-types-tailored-suit.html
8,https://atailoredsuit.com/about-tailored-suit.html
9,https://atailoredsuit.com/contact-tailored-suit.html
10,https://atailoredsuit.com/faq-tailored-suit.html
11,https://atailoredsuit.com/three-necktie-selection-tips.html
12,https://atailoredsuit.com/mens-neckties
13,https://atailoredsuit.com/style-guide
14,https://atailoredsuit.com/5-worst-grooming-mistakes-men-make.html
15,https://atailoredsuit.com/all-style-articles
16,https://atailoredsuit.com/grooming
17,https://atailoredsuit.com/10-distractions-that-decrease-productivity-and-how-to-fix-them.html
18,https://atailoredsuit.com/uncategorized
19,https://atailoredsuit.com/morning-style-hacks.html
20,https://atailoredsuit.com/what-women-notice-about-men-first.html
21,https://atailoredsuit.com/mistakes-killing-mens-confidence.html
22,https://atailoredsuit.com/page/2
23,https://atailoredsuit.com/page/3
24,https://atailoredsuit.com/page/20
27,https://atailoredsuit.com/web-stories/texting-woman-mistakes
28,https://atailoredsuit.com/free-men-style-ebooks
29,https://atailoredsuit.com/suspenders-how-to-wear-braces.html
30,https://atailoredsuit.com/mens-black-suit.html
31,https://atailoredsuit.com/mens-suit-colors.html
32,https://atailoredsuit.com/mens-blazer-what-to-wear-with.html
33,https://atailoredsuit.com/match-tie-knot-shirt-collar-style.html
34,https://atailoredsuit.com/three-piece-suit-introduction.html
35,https://atailoredsuit.com/mens-trousers.html
36,https://atailoredsuit.com/how-dress-wedding.html
37,https://atailoredsuit.com/mens-dress-shoes-types.html
39,https://atailoredsuit.com/contact-us
43,https://atailoredsuit.com/wp-content/uploads/2014/12/Custom-Suit.jpg
44,https://atailoredsuit.com/how-to-choose-tailor.html
45,https://atailoredsuit.com/black-tie-formal-wear.html
46,https://atailoredsuit.com/mens-overcoats-topcoats.html
47,https://atailoredsuit.com/understanding-season-shirt-color-selection.html
48,https://atailoredsuit.com/why-purchase-custom-clothing.html
49,https://atailoredsuit.com/proper-fit-mens-clothing.html
50,https://atailoredsuit.com/proper-proportion-mens-clothing.html
51,https://atailoredsuit.com/navy-blue-suit.html
52,https://atailoredsuit.com/charcoal-gray-suit.html
53,https://atailoredsuit.com/mens-suit-introduction.html
54,https://atailoredsuit.com/mens-jewlery-tailored-suit.html
55,https://atailoredsuit.com/mens-pocket-squares-folding.html
56,https://atailoredsuit.com/friends-beyond-style.html
57,https://atailoredsuit.com/conceal-carry-tips.html
58,https://atailoredsuit.com/mens-pocket-squares-intro.html
59,https://atailoredsuit.com/matching-a-tie.html
60,https://atailoredsuit.com/how-to-match-tie.html
61,https://atailoredsuit.com/mens-shirt-cuffs.html
62,https://atailoredsuit.com/mens-shirt-collars.html
63,https://atailoredsuit.com/mens-shirt-fabrics.html
64,https://atailoredsuit.com/understanding-contrast-shirt-color-selection.html
65,https://atailoredsuit.com/tan-khaki-taupe-suit.html
66,https://atailoredsuit.com/how-dress-legal-interview.html
67,https://atailoredsuit.com/good-mens-dress-shoes.html
68,https://atailoredsuit.com/gray-flannel-trousers.html
69,https://atailoredsuit.com/mens-vest-waistcoat.html
70,https://atailoredsuit.com/mens-dress-shirts-introduction.html
71,https://atailoredsuit.com/mens-dress-shirt-deeper-understanding.html
72,https://atailoredsuit.com/mens-suit-fabrics.html
73,https://atailoredsuit.com/mens-suit-jacket-details.html
74,https://atailoredsuit.com/mens-suit-jacket-complete.html
75,https://atailoredsuit.com/mens-light-gray-suit.html
76,https://atailoredsuit.com/how-dress-engineer-interview.html
77,https://atailoredsuit.com/mens-sport-jacket-why-wear.html
78,https://atailoredsuit.com/mens-sports-jacket-about.html
79,https://atailoredsuit.com/mens-sports-jacket-differences-suit-jacket.html
80,https://atailoredsuit.com/how-dress-mba-interview.html
81,https://atailoredsuit.com/mens-pocket-squares-make.html
82,https://atailoredsuit.com/how-dress-medical-interview.html
83,https://atailoredsuit.com/mens-suit-fabric-patterns.html
84,https://atailoredsuit.com/mens-double-breasted-suit-jacket.html
85,https://atailoredsuit.com/Complete-Mens-Suit-Measurement-Guide.pdf
86,https://atailoredsuit.com/Mens-Shirt-Only-Measurement-Guide.pdf
87,https://atailoredsuit.com/Mens-Jacket-Overcoat-Measurement-Guide.pdf
88,https://atailoredsuit.com/Mens-Trousers-Only-Measurement-Guide.pdf
89,https://atailoredsuit.com/Male_Suit_Measurement_Guide_Extra_Guidance.pdf
90,https://atailoredsuit.com/how-to-build-custom-clothing.html
91,https://atailoredsuit.com/prices-delivery-tailored-suit.html
93,https://atailoredsuit.com/mens-suit-detail.html
94,https://atailoredsuit.com/mens-shirt-detail.html
95,https://atailoredsuit.com/mens-sport-jacket-blazer-detail.html
96,https://atailoredsuit.com/mens-overcoat-detail.html
97,https://atailoredsuit.com/terms-of-service-tailored-suit.html
98,https://atailoredsuit.com/mens-suit-shirt-fabric-guide.html
99,https://atailoredsuit.com/wp-content/uploads/2013/11/13293739874_53663dc519.jpg
101,https://atailoredsuit.com/useful-links-tailored-suit.html
102,https://atailoredsuit.com/mens-style-guide-tailored-suit-old.html
103,https://atailoredsuit.com/three-necktie-selection-tips.html#necktiepattern
104,https://atailoredsuit.com/three-necktie-selection-tips.html#necktiecolor
105,https://atailoredsuit.com/three-necktie-selection-tips.html#necktieproportion
107,https://atailoredsuit.com/how-to-select-necktie.html
108,https://atailoredsuit.com/ats
109,https://atailoredsuit.com/mens-dress-shirts
110,https://atailoredsuit.com/tag/color
111,https://atailoredsuit.com/tag/how-to
112,https://atailoredsuit.com/tag/neckties
113,https://atailoredsuit.com/tag/pattern
114,https://atailoredsuit.com/tag/proportion
115,https://atailoredsuit.com/mens-suit-color
116,https://atailoredsuit.com/mens-jacket
117,https://atailoredsuit.com/mens-suits
118,https://atailoredsuit.com/mens-style-basics
119,https://atailoredsuit.com/mens-overcoats
120,https://atailoredsuit.com/misc
121,https://atailoredsuit.com/style-guide/page/2
122,https://atailoredsuit.com/style-guide/page/3
123,https://atailoredsuit.com/style-guide/page/10
130,https://atailoredsuit.com/seiko-watch-buying-guide.html
143,https://atailoredsuit.com/uncategorized/page/2
144,https://atailoredsuit.com/uncategorized/page/3
145,https://atailoredsuit.com/uncategorized/page/9
146,https://atailoredsuit.com/wp-content/uploads/2021/02/what-women-notice-header.jpg
148,https://atailoredsuit.com/wp-content/uploads/2021/02/Webp.net-compress-image-29.jpg
150,https://atailoredsuit.com/wp-content/uploads/2021/02/denim-jacket-1.jpeg
151,https://atailoredsuit.com/wp-content/uploads/2021/02/Webp.net-compress-image-28.jpg
152,https://atailoredsuit.com/wp-content/uploads/2021/02/hunched-shoulder-posture.jpg
154,https://atailoredsuit.com/wp-content/uploads/2021/02/shirt-skintone-chart.jpg
155,https://atailoredsuit.com/wp-content/uploads/2021/02/dress-boots-construction-full-infographic.jpg
158,https://atailoredsuit.com/wp-content/uploads/2021/02/vincero-bellweather.jpg
162,https://atailoredsuit.com/wp-content/uploads/2021/02/beach-date-2.jpg
163,https://atailoredsuit.com/wp-content/uploads/2021/02/monochrome-suit-black.jpg
176,https://atailoredsuit.com/wp-content/uploads/2021/01/confidence-killers-header.jpg
178,https://atailoredsuit.com/wp-content/uploads/2021/01/sadness-confidence-killers-1.jpeg
179,https://atailoredsuit.com/wp-content/uploads/2021/01/man-relax-couch-study-laptop.jpg
180,https://atailoredsuit.com/wp-content/uploads/2021/01/get_roman.jpg
182,https://atailoredsuit.com/wp-content/uploads/2021/01/helping-hand-confidence-killers.jpeg
183,https://atailoredsuit.com/wp-content/uploads/2021/01/Webp.net-compress-image-15-1.jpg
184,https://atailoredsuit.com/wp-content/uploads/2021/01/stress.png
185,https://atailoredsuit.com/wp-content/uploads/2021/01/sick-man-stress-e1559246069496.jpg
186,https://atailoredsuit.com/man-navy-blue-blazer.html
187,https://atailoredsuit.com/mens-dress-shoes
188,https://atailoredsuit.com/mens-trousers
189,https://atailoredsuit.com/tag/navy-blue-blazer
190,https://atailoredsuit.com/importance-proper-fit-menswear.html
191,https://atailoredsuit.com/mens-pocket-square-types.html
192,https://atailoredsuit.com/mens-accessories
193,https://atailoredsuit.com/mens-pocket-squares
194,https://atailoredsuit.com/tag/handkerchief-for-men
195,https://atailoredsuit.com/tag/pocket-squares
196,https://atailoredsuit.com/page/4
197,https://atailoredsuit.com/what-is-dress-shirt.html
198,https://atailoredsuit.com/tag/dress-shirt
199,https://atailoredsuit.com/tag/style
200,https://atailoredsuit.com/10-tips-to-look-great-while-carrying-a-concealed-firearm.html
201,https://atailoredsuit.com/men-style-video-guide
202,https://atailoredsuit.com/tag/blazer
203,https://atailoredsuit.com/tag/concealed-carry
204,https://atailoredsuit.com/tag/firearm
205,https://atailoredsuit.com/tag/gun
206,https://atailoredsuit.com/tag/suit
207,https://atailoredsuit.com/page/5
208,https://atailoredsuit.com/perfumes-for-men.html
209,https://atailoredsuit.com/page/19
210,https://atailoredsuit.com/page/18
217,https://atailoredsuit.com/mens-black-suit.html#intro
218,https://atailoredsuit.com/mens-black-suit.html#formality
219,https://atailoredsuit.com/mens-black-suit.html#construction
220,https://atailoredsuit.com/mens-black-suit.html#fitting
221,https://atailoredsuit.com/mens-black-suit.html#matching
222,https://atailoredsuit.com/mens-black-suit.html#debate
223,https://atailoredsuit.com/mens-black-suit.html#conclusion
225,https://atailoredsuit.com/mens-tuxedo-detail.html
228,https://atailoredsuit.com/mens-blazer-what-to-wear-with.html#introductionblazer
229,https://atailoredsuit.com/mens-blazer-what-to-wear-with.html#whatamanwearsblazer
230,https://atailoredsuit.com/mens-blazer-what-to-wear-with.html#matchingshoes
231,https://atailoredsuit.com/mens-blazer-what-to-wear-with.html#matchingtrousersblazer
232,https://atailoredsuit.com/mens-blazer-what-to-wear-with.html#dressshirtblazer
233,https://atailoredsuit.com/mens-blazer-what-to-wear-with.html#blazersweater
234,https://atailoredsuit.com/mens-blazer-what-to-wear-with.html#tieblazer
235,https://atailoredsuit.com/mens-blazer-what-to-wear-with.html#navyblazerconclusion
256,https://atailoredsuit.com/how-dress-wedding.html#howaman
257,https://atailoredsuit.com/how-dress-wedding.html#Intro
258,https://atailoredsuit.com/how-dress-wedding.html#bethebestlooking
259,https://atailoredsuit.com/how-dress-wedding.html#theclassictwopiece
260,https://atailoredsuit.com/how-dress-wedding.html#thesolidcolored
261,https://atailoredsuit.com/how-dress-wedding.html#awordonblack
262,https://atailoredsuit.com/how-dress-wedding.html#weddingsuitstyles
263,https://atailoredsuit.com/how-dress-wedding.html#theweddingdaydress
264,https://atailoredsuit.com/how-dress-wedding.html#weddingdaynecktie
265,https://atailoredsuit.com/how-dress-wedding.html#weddingdaydressshoes
266,https://atailoredsuit.com/how-dress-wedding.html#groomsmensuitsmatching
267,https://atailoredsuit.com/how-dress-wedding.html#theformaloption
268,https://atailoredsuit.com/how-dress-wedding.html#aristocraticoption
269,https://atailoredsuit.com/how-dress-wedding.html#rememberthebride
270,https://atailoredsuit.com/how-dress-wedding.html#keepitsimple
277,https://atailoredsuit.com/mens-dress-shoes-types.html#intro
278,https://atailoredsuit.com/mens-dress-shoes-types.html#balmoral
279,https://atailoredsuit.com/mens-dress-shoes-types.html#blucher
280,https://atailoredsuit.com/mens-dress-shoes-types.html#wingtip
281,https://atailoredsuit.com/mens-dress-shoes-types.html#dressboot
282,https://atailoredsuit.com/mens-dress-shoes-types.html#loafer
283,https://atailoredsuit.com/mens-dress-shoes-types.html#whitebuck
284,https://atailoredsuit.com/mens-dress-shoes-types.html#blacktie
295,https://atailoredsuit.com/black-tie-formal-wear.html#dinnerjacket
296,https://atailoredsuit.com/black-tie-formal-wear.html#formaltrousers
297,https://atailoredsuit.com/black-tie-formal-wear.html#formalwaistcoat
298,https://atailoredsuit.com/black-tie-formal-wear.html#cummerbund
299,https://atailoredsuit.com/black-tie-formal-wear.html#blacktieshirt
300,https://atailoredsuit.com/black-tie-formal-wear.html#blacktie
301,https://atailoredsuit.com/black-tie-formal-wear.html#blacktieshoes
302,https://atailoredsuit.com/black-tie-formal-wear.html#finalblacktiedetails
303,https://atailoredsuit.com/black-tie-formal-wear.html#boutonniere
304,https://atailoredsuit.com/black-tie-formal-wear.html#outerwearblacktie
314,https://atailoredsuit.com/understanding-season-shirt-color-selection.html#Summer
315,https://atailoredsuit.com/understanding-season-shirt-color-selection.html#Fall
316,https://atailoredsuit.com/understanding-season-shirt-color-selection.html#Winter
317,https://atailoredsuit.com/understanding-season-shirt-color-selection.html#Conclusion
319,https://atailoredsuit.com/why-purchase-custom-clothing.html#1wider
320,https://atailoredsuit.com/why-purchase-custom-clothing.html#2custom
321,https://atailoredsuit.com/why-purchase-custom-clothing.html#3quality
322,https://atailoredsuit.com/why-purchase-custom-clothing.html#4transparency
323,https://atailoredsuit.com/why-purchase-custom-clothing.html#5timeismoney
324,https://atailoredsuit.com/garment-fit-details.html
325,https://atailoredsuit.com/wp-content/uploads/2013/11/Mens-Style-Basics-Proper-Fit-for-a-Man-e1424711332342.jpg
326,https://atailoredsuit.com/wp-content/uploads/2014/12/14143248796_1216b33e16_o2.jpg
328,https://atailoredsuit.com/navy-blue-suit.html#Intro
329,https://atailoredsuit.com/navy-blue-suit.html#Formality
330,https://atailoredsuit.com/navy-blue-suit.html#Fabric
331,https://atailoredsuit.com/navy-blue-suit.html#Fitting
332,https://atailoredsuit.com/navy-blue-suit.html#Styles
333,https://atailoredsuit.com/navy-blue-suit.html#ColorandPatterns
334,https://atailoredsuit.com/navy-blue-suit.html#Conclusion
338,https://atailoredsuit.com/charcoal-gray-suit.html#Formaility
339,https://atailoredsuit.com/charcoal-gray-suit.html#Fabric
340,https://atailoredsuit.com/charcoal-gray-suit.html#Fitting
341,https://atailoredsuit.com/charcoal-gray-suit.html#Style
342,https://atailoredsuit.com/charcoal-gray-suit.html#Matching
343,https://atailoredsuit.com/charcoal-gray-suit.html#Conclusion
353,https://atailoredsuit.com/mens-pocket-squares-folding.html#introfoldingpocket
354,https://atailoredsuit.com/mens-pocket-squares-folding.html#squarehandkerchief
355,https://atailoredsuit.com/mens-pocket-squares-folding.html#flutefold
356,https://atailoredsuit.com/mens-pocket-squares-folding.html#twopointfold
357,https://atailoredsuit.com/mens-pocket-squares-folding.html#squareconclusion
378,https://atailoredsuit.com/image-consultants-clothiers.html
392,https://atailoredsuit.com/wp-content/uploads/2014/12/Medium-Contrast-Grayhair-Lighterskinned-v7.jpg
394,https://atailoredsuit.com/tan-khaki-taupe-suit.html#Introduction
395,https://atailoredsuit.com/tan-khaki-taupe-suit.html#Formailty
396,https://atailoredsuit.com/tan-khaki-taupe-suit.html#Construction
397,https://atailoredsuit.com/tan-khaki-taupe-suit.html#Fitting
398,https://atailoredsuit.com/tan-khaki-taupe-suit.html#Matching
399,https://atailoredsuit.com/tan-khaki-taupe-suit.html#Doyouneed
402,https://atailoredsuit.com/how-dress-legal-interview.html#Intro
403,https://atailoredsuit.com/how-dress-legal-interview.html#Suit
404,https://atailoredsuit.com/how-dress-legal-interview.html#Shirt
405,https://atailoredsuit.com/how-dress-legal-interview.html#Necktie
406,https://atailoredsuit.com/how-dress-legal-interview.html#DressShoes
407,https://atailoredsuit.com/how-dress-legal-interview.html#Socks
408,https://atailoredsuit.com/how-dress-legal-interview.html#Jewelry
409,https://atailoredsuit.com/how-dress-legal-interview.html#Grooming
436,https://atailoredsuit.com/wp-content/uploads/2014/12/13143299275_816835de86_o.jpg
440,https://atailoredsuit.com/mens-light-gray-suit.html#Introdcution
441,https://atailoredsuit.com/mens-light-gray-suit.html#Formality
442,https://atailoredsuit.com/mens-light-gray-suit.html#Construction
443,https://atailoredsuit.com/mens-light-gray-suit.html#Fitting
444,https://atailoredsuit.com/mens-light-gray-suit.html#Matching
445,https://atailoredsuit.com/mens-light-gray-suit.html#WhatMan
446,https://atailoredsuit.com/mens-light-gray-suit.html#Importance
453,https://atailoredsuit.com/wp-content/uploads/2014/12/The-Difference-Between-A-Sports-Jacket-Blazer-Jacket-And-Suit-Jacket-600.jpg
454,https://atailoredsuit.com/mens-sports-jacket-differences-suit-jacket.html#Why
455,https://atailoredsuit.com/mens-sports-jacket-differences-suit-jacket.html#brief
456,https://atailoredsuit.com/mens-sports-jacket-differences-suit-jacket.html#suitjacket
457,https://atailoredsuit.com/mens-sports-jacket-differences-suit-jacket.html#sportjacket
458,https://atailoredsuit.com/mens-sports-jacket-differences-suit-jacket.html#conclusion
460,https://atailoredsuit.com/how-dress-mba-interview.html#intro
461,https://atailoredsuit.com/how-dress-mba-interview.html#failing
462,https://atailoredsuit.com/how-dress-mba-interview.html#interviewsuit
463,https://atailoredsuit.com/how-dress-mba-interview.html#suitfabric
464,https://atailoredsuit.com/how-dress-mba-interview.html#suitstyle
465,https://atailoredsuit.com/how-dress-mba-interview.html#suitfit
466,https://atailoredsuit.com/how-dress-mba-interview.html#dressshirt
467,https://atailoredsuit.com/how-dress-mba-interview.html#interviewtie
468,https://atailoredsuit.com/how-dress-mba-interview.html#dressshoes
469,https://atailoredsuit.com/how-dress-mba-interview.html#interviewsocks
470,https://atailoredsuit.com/how-dress-mba-interview.html#jewelry
471,https://atailoredsuit.com/how-dress-mba-interview.html#grooming
480,https://atailoredsuit.com/wp-content/uploads/2013/11/interchangeable-wardrobe-mindset1.jpg
481,https://atailoredsuit.com/wp-content/uploads/2013/11/keeping-out-of-habit.jpg
482,https://atailoredsuit.com/wp-content/uploads/2013/11/Thin-Man1.jpg
483,https://atailoredsuit.com/wp-content/uploads/2013/11/Shirt-Features-r1-72_AA.jpg
484,https://atailoredsuit.com/wp-content/uploads/2013/11/add-pieces-over-time.jpg
488,https://atailoredsuit.com/how-to-choose-tailor-russian.html
491,https://atailoredsuit.com/package_discounts_tailored_suit.html
493,https://atailoredsuit.com/mens-style-consultation-tailored-suit.html
494,https://atailoredsuit.com/testimonials-tailored-suit.html
495,https://atailoredsuit.com/sitemap.html
496,https://atailoredsuit.com/resources/mens-stores/
497,https://atailoredsuit.com/resources/accessories
498,https://atailoredsuit.com/resources/recommended-products/
499,https://atailoredsuit.com/resources/mens-style-blogs/
500,https://atailoredsuit.com/resources/recommended-books/
501,https://atailoredsuit.com/resources/image-consultants/
502,https://atailoredsuit.com/resources/shoe-care/
503,https://atailoredsuit.com/resources/friends/
504,https://atailoredsuit.com/resources/business-education/
508,https://atailoredsuit.com/mens-dress-shirts/page/2
509,https://atailoredsuit.com/mens-jacket/page/2
510,https://atailoredsuit.com/mens-suits/page/2
511,https://atailoredsuit.com/misc/page/2
512,https://atailoredsuit.com/style-guide/
513,https://atailoredsuit.com/style-guide/page/4
514,https://atailoredsuit.com/style-guide/page/5
515,https://atailoredsuit.com/order-fabric-swatch-tailored-suit.html
516,https://atailoredsuit.com/style-guide/page/9
517,https://atailoredsuit.com/style-guide/page/8
520,https://atailoredsuit.com/recommended-books.html
521,https://atailoredsuit.com/mens-style-blogs.html
522,https://atailoredsuit.com/style-guides-forums.html
523,https://atailoredsuit.com/mens-stores.html
524,https://atailoredsuit.com/uncategorized/
525,https://atailoredsuit.com/uncategorized/page/4
526,https://atailoredsuit.com/undefined
527,https://atailoredsuit.com/mens-dress-shoes-types-russian.html
528,https://atailoredsuit.com/good-mens-dress-shoes-russian.html
529,https://atailoredsuit.com/mens-overcoats-topcoats-russian.html
530,https://atailoredsuit.com/mens-pocket-squares-folding-russian.html
531,https://atailoredsuit.com/mens-suit-colors-russian.html
532,https://atailoredsuit.com/uncategorized/page/5
533,https://atailoredsuit.com/uncategorized/page/8
534,https://atailoredsuit.com/uncategorized/page/7
537,https://atailoredsuit.com/page/6
540,https://atailoredsuit.com/page/7
541,https://atailoredsuit.com/wp-content/uploads/2018/05/best-cologne-for-men.jpg
542,https://atailoredsuit.com/page/17
543,https://atailoredsuit.com/page/16
